type,date,month_year,amount,category,ju_mo,card_account,income_expense
General expenses,01/12/2021,Dec-21,£9.18 ,Takeaway,Mo,HSBC,Expense
General expenses,01/12/2021,Dec-21,£29.40 ,Alc/Tob,Mo,John Lewis,Expense
General expenses,01/12/2021,Dec-21,£20.43 ,Other,Mo,HSBC,Expense
General expenses,01/12/2021,Dec-21,£20.00 ,Transportation,Mo,Lloyds Mo,Expense
General expenses,01/12/2021,Dec-21,£4.00 ,Home,Mo,HSBC,Expense
General expenses,01/12/2021,Dec-21,£53.88 ,Utilities,Ju,Lloyds,Expense
General expenses,01/12/2021,Dec-21,£18.00 ,Utilities,Ju,Lloyds,Expense
Fixed expenses,04/12/2021,Dec-21,£18.37 ,Utilities,Mo,Monzo,Expense
General expenses,06/12/2021,Dec-21,£30.00 ,Takeaway,Mo,HSBC,Expense
General expenses,06/12/2021,Dec-21,£37.58 ,Going out,Ju,Lloyds,Expense
General expenses,09/12/2021,Dec-21,£17.24 ,Personal,Mo,HSBC,Expense
Fixed expenses,10/12/2021,Dec-21,£9.41 ,Utilities,Mo,Monzo,Expense
General expenses,10/12/2021,Dec-21,£250.00 ,Gifts,Ju,Lloyds,Expense
General expenses,10/12/2021,Dec-21,£4.00 ,Transportation,Mo,Lloyds Mo,Expense
General expenses,11/12/2021,Dec-21,£100.00 ,Food,Mo,HSBC,Expense
General expenses,13/12/2021,Dec-21,£55.99 ,Home,Mo,HSBC,Expense
General expenses,13/12/2021,Dec-21,£28.10 ,Alc/Tob,Mo,HSBC,Expense
General expenses,13/12/2021,Dec-21,£10.27 ,Beauty/Health/medical,Mo,HSBC,Expense
General expenses,13/12/2021,Dec-21,£3.75 ,Food,Ju,Lloyds,Expense
General expenses,16/12/2021,Dec-21,£40.00 ,Transportation,Mo,HSBC,Expense
Fixed expenses,17/12/2021,Dec-21,£950.00 ,Utilities,Mo,Monzo,Expense
General expenses,17/12/2021,Dec-21,£28.10 ,Alc/Tob,Ju,Lloyds,Expense
General expenses,19/12/2021,Dec-21,£3.68 ,Takeaway,Ju,Starling,Expense
Fixed expenses,20/12/2021,Dec-21,£3.15 ,Utilities,Mo,Paypal,Expense
General expenses,20/12/2021,Dec-21,£150.00 ,Food,Mo,HSBC,Expense
General expenses,20/12/2021,Dec-21,£27.97 ,Going out,Mo,HSBC,Expense
General expenses,21/12/2021,Dec-21,£30.00 ,Takeaway,Mo,HSBC,Expense
General expenses,21/12/2021,Dec-21,£22.02 ,Home,Mo,HSBC,Expense
General expenses,21/12/2021,Dec-21,£5.99 ,Other,Mo,HSBC,Expense
Fixed expenses,24/12/2021,Dec-21,£6.00 ,Utilities,Ju,Starling,Expense
General expenses,24/12/2021,Dec-21,£57.50 ,Clothing,Mo,HSBC,Expense
General expenses,24/12/2021,Dec-21,£3.99 ,Home,Ju,Lloyds,Expense
General expenses,25/12/2021,Dec-21,£58.00 ,Clothing,Mo,HSBC,Expense
General expenses,25/12/2021,Dec-21,£7.40 ,Transportation,Mo,HSBC,Expense
General expenses,25/12/2021,Dec-21,£15.97 ,Beauty/Health/medical,Mo,HSBC,Expense
Fixed expenses,27/12/2021,Dec-21,£22.00 ,Utilities,Ju,Starling,Expense
General expenses,27/12/2021,Dec-21,£10.00 ,Takeaway,Mo,HSBC,Expense
General expenses,27/12/2021,Dec-21,£38.18 ,Alc/Tob,Mo,HSBC,Expense
Fixed expenses,29/12/2021,Dec-21,£186.00 ,Utilities,Mo,Monzo,Expense
Fixed expenses,29/12/2021,Dec-21,£82.76 ,Utilities,Ju,Lloyds,Expense
Fixed income,29/12/2021,Jan-22,"£1,820.32 ",Paycheck,Mo,Monzo,Income
Fixed income,29/12/2021,Jan-22,"£1,965.51 ",Paycheck,Ju,Lloyds,Income
Fixed expenses,30/12/2021,Dec-21,£38.82 ,Utilities,Ju,Lloyds,Expense
General expenses,31/12/2021,Dec-21,£28.80 ,Alc/Tob,Mo,HSBC,Expense
General expenses,31/12/2021,Dec-21,£5.61 ,Transportation,Mo,,Expense
General expenses,31/12/2021,Dec-21,£9.20 ,Going out,Mo,HSBC,Expense
General expenses,31/12/2021,Dec-21,£23.50 ,Going out,Mo,HSBC,Expense
General expenses,31/12/2021,Dec-21,£20.00 ,Going out,Mo,HSBC,Expense
General expenses,31/12/2021,Dec-21,£10.61 ,Transportation,Mo,Paypal,Expense
General expenses,01/01/2022,Jan-22,£79.10 ,Clothing,Mo,HSBC,Expense
General expenses,01/01/2022,Jan-22,£150.00 ,Food,Mo,HSBC,Expense
General expenses,03/01/2022,Jan-22,£27.00 ,Takeaway,Mo,HSBC,Expense
General expenses,03/01/2022,Jan-22,£29.40 ,Alc/Tob,Mo,John Lewis,Expense
Fixed expenses,04/01/2022,Jan-22,£18.37 ,Utilities,Mo,Monzo,Expense
General expenses,05/01/2022,Jan-22,£92.50 ,Gifts,Ju,Lloyds,Expense
General expenses,08/01/2022,Jan-22,£6.27 ,Takeaway,Mo,HSBC,Expense
General expenses,08/01/2022,Jan-22,£150.00 ,Food,Mo,HSBC,Expense
General expenses,08/01/2022,Jan-22,£29.20 ,Alc/Tob,Mo,HSBC,Expense
General expenses,09/01/2022,Jan-22,£34.44 ,Transportation,Mo,HSBC,Expense
General expenses,09/01/2022,Jan-22,£34.44 ,Transportation,Mo,HSBC,Expense
Fixed expenses,10/01/2022,Jan-22,£9.41 ,Utilities,Mo,Monzo,Expense
General expenses,10/01/2022,Jan-22,£3.15 ,Takeaway,Ju,Lloyds,Expense
General expenses,10/01/2022,Jan-22,£10.50 ,Transportation,Mo,HSBC,Expense
General expenses,10/01/2022,Jan-22,£7.29 ,Takeaway,Mo,HSBC,Expense
General expenses,10/01/2022,Jan-22,£5.48 ,Food,Mo,HSBC,Expense
General expenses,10/01/2022,Jan-22,£25.00 ,Takeaway,Mo,HSBC,Expense
General expenses,12/01/2022,Jan-22,£6.40 ,Food,Ju,Lloyds,Expense
General expenses,13/01/2022,Jan-22,£10.98 ,Other,Mo,HSBC,Expense
General expenses,13/01/2022,Jan-22,£30.00 ,Transportation,Ju,Lloyds,Expense
General expenses,15/01/2022,Jan-22,£28.55 ,Alc/Tob,Mo,HSBC,Expense
Fixed expenses,17/01/2022,Jan-22,£950.00 ,Utilities,Mo,Monzo,Expense
General expenses,18/01/2022,Jan-22,£13.64 ,Other,Mo,John Lewis,Expense
Fixed savings,20/01/2022,Jan-22,£450.00 ,Savings,Ju,Starling,Expense
Fixed savings,20/01/2022,Jan-22,£175.00 ,Savings,Ju,Starling,Expense
Fixed savings,20/01/2022,Jan-22,£175.00 ,Savings,Ju,Starling,Expense
Fixed expenses,20/01/2022,Jan-22,£3.05 ,Utilities,Mo,Paypal,Expense
General expenses,20/01/2022,Jan-22,£29.05 ,Alc/Tob,Mo,HSBC,Expense
General expenses,21/01/2022,Jan-22,£3.59 ,Food,Mo,HSBC,Expense
General expenses,22/01/2022,Jan-22,£30.00 ,Takeaway,Mo,HSBC,Expense
Fixed expenses,24/01/2022,Jan-22,£6.00 ,Utilities,Ju,Starling,Expense
General expenses,24/01/2022,Jan-22,£3.99 ,Home,Ju,Lloyds,Expense
General expenses,24/01/2022,Jan-22,£20.90 ,Alc/Tob,Mo,HSBC,Expense
General expenses,25/01/2022,Jan-22,£44.70 ,Home,Mo,HSBC,Expense
Fixed expenses,27/01/2022,Jan-22,£22.00 ,Utilities,Ju,Starling,Expense
General expenses,27/01/2022,Jan-22,£17.00 ,Beauty/Health/medical,Mo,HSBC,Expense
General expenses,28/01/2022,Jan-22,£4.99 ,Home,Mo,HSBC,Expense
General expenses,28/01/2022,Jan-22,£72.00 ,Clothing,Mo,HSBC,Expense
Fixed income,28/01/2022,Feb-22,"£1,724.78 ",Paycheck,Ju,Lloyds,Income
Fixed expenses,29/01/2022,Jan-22,£186.00 ,Utilities,Mo,Monzo,Expense
Fixed expenses,29/01/2022,Jan-22,£82.76 ,Utilities,Ju,Lloyds,Expense
General expenses,29/01/2022,Jan-22,£15.00 ,Transportation,Mo,HSBC,Expense
General expenses,29/01/2022,Jan-22,£150.00 ,Food,Mo,HSBC,Expense
General expenses,29/01/2022,Jan-22,£29.20 ,Alc/Tob,Mo,HSBC,Expense
General expenses,29/01/2022,Jan-22,£8.00 ,Alc/Tob,Mo,HSBC,Expense
Fixed expenses,30/01/2022,Jan-22,£38.82 ,Utilities,Ju,Lloyds,Expense
General expenses,30/01/2022,Jan-22,£71.25 ,Going out,Mo,HSBC,Expense
General expenses,30/01/2022,Jan-22,£20.00 ,Takeaway,Mo,HSBC,Expense
Fixed income,30/01/2022,Feb-22,"£1,820.32 ",Paycheck,Mo,Monzo,Income
General expenses,01/02/2022,Feb-22,£18.00 ,Going out,Ju,Lloyds,Expense
Fixed savings,03/02/2022,Feb-22,£91.67 ,Savings,Ju,Starling,Expense
Fixed savings,03/02/2022,Feb-22,£96.99 ,Savings,Ju,Starling,Expense
Fixed savings,03/02/2022,Feb-22,£100.00 ,Savings,Ju,Starling,Expense
General expenses,03/02/2022,Feb-22,£5.00 ,Takeaway,Mo,HSBC,Expense
Fixed expenses,04/02/2022,Feb-22,£18.37 ,Utilities,Mo,Monzo,Expense
General expenses,05/02/2022,Feb-22,£30.00 ,Food,Mo,HSBC,Expense
General expenses,05/02/2022,Feb-22,£30.01 ,Transportation,Mo,HSBC,Expense
General expenses,05/02/2022,Feb-22,£9.70 ,Takeaway,Mo,HSBC,Expense
Fixed savings,06/02/2022,Feb-22,£237.50 ,Savings,Ju,Starling,Expense
Fixed savings,06/02/2022,Feb-22,£40.63 ,Savings,Ju,Starling,Expense
General expenses,07/02/2022,Feb-22,£22.59 ,Food,Mo,HSBC,Expense
General expenses,07/02/2022,Feb-22,£28.10 ,Alc/Tob,Mo,HSBC,Expense
General expenses,07/02/2022,Feb-22,£150.00 ,Food,Mo,HSBC,Expense
General expenses,09/02/2022,Feb-22,£20.00 ,Transportation,Mo,HSBC,Expense
Fixed expenses,10/02/2022,Feb-22,£9.41 ,Utilities,Mo,Monzo,Expense
General expenses,10/02/2022,Feb-22,£4.50 ,Going out,Ju,Lloyds,Expense
General expenses,12/02/2022,Feb-22,£31.00 ,Takeaway,Mo,HSBC,Expense
General expenses,15/02/2022,Feb-22,£12.00 ,Food,Mo,HSBC,Expense
Fixed expenses,17/02/2022,Feb-22,£950.00 ,Utilities,Mo,Monzo,Expense
General expenses,17/02/2022,Feb-22,£29.20 ,Alc/Tob,Mo,HSBC,Expense
Fixed expenses,20/02/2022,Feb-22,£3.06 ,Utilities,Mo,Paypal,Expense
General expenses,20/02/2022,Feb-22,£14.58 ,Takeaway,Mo,HSBC,Expense
General expenses,22/02/2022,Feb-22,£1.70 ,Personal,Ju,Starling,Expense
General expenses,22/02/2022,Feb-22,£150.00 ,Food,Mo,HSBC,Expense
General expenses,23/02/2022,Feb-22,£43.30 ,Takeaway,Mo,HSBC,Expense
Fixed expenses,24/02/2022,Feb-22,£6.00 ,Utilities,Ju,Starling,Expense
General expenses,24/02/2022,Feb-22,£70.21 ,Other,Mo,HSBC,Expense
General expenses,24/02/2022,Feb-22,£13.05 ,Beauty/Health/medical,Mo,HSBC,Expense
Fixed expenses,25/02/2022,Feb-22,£38.82 ,Utilities,Ju,Lloyds,Expense
General expenses,25/02/2022,Feb-22,£15.00 ,Transportation,Mo,HSBC,Expense
General expenses,25/02/2022,Feb-22,£10.00 ,Going out,Ju,Lloyds,Expense
General expenses,26/02/2022,Feb-22,£18.40 ,Going out,Mo,HSBC,Expense
General expenses,26/02/2022,Feb-22,£25.00 ,Takeaway,Mo,HSBC,Expense
Fixed expenses,27/02/2022,Feb-22,£22.00 ,Utilities,Ju,Starling,Expense
Fixed expenses,28/02/2022,Feb-22,£82.76 ,Utilities,Ju,Lloyds,Expense
General expenses,28/02/2022,Feb-22,£10.00 ,Going out,Ju,Lloyds,Expense
Fixed income,28/02/2022,Mar-22,"£1,784.80 ",Paycheck,Mo,Monzo,Income
Fixed income,28/02/2022,Mar-22,"£1,493.20 ",Paycheck,Ju,Lloyds,Income
Fixed expenses,01/03/2022,Mar-22,£18.37 ,Utilities,Mo,Monzo,Expense
General expenses,01/03/2022,Mar-22,£150.00 ,Food,Mo,HSBC,Expense
General expenses,01/03/2022,Mar-22,£29.25 ,Alc/Tob,Mo,HSBC,Expense
General expenses,03/03/2022,Mar-22,£80.00 ,Going out,Ju,Starling,Expense
General expenses,03/03/2022,Mar-22,£140.00 ,Food,Mo,HSBC,Expense
Fixed savings,04/03/2022,Mar-22,£100.00 ,Savings,Ju,Starling,Expense
Fixed savings,04/03/2022,Mar-22,£40.63 ,Savings,Ju,Starling,Expense
Fixed savings,04/03/2022,Mar-22,£91.67 ,Savings,Ju,Starling,Expense
Fixed savings,04/03/2022,Mar-22,£96.99 ,Savings,Ju,Starling,Expense
Fixed savings,04/03/2022,Mar-22,£237.50 ,Savings,Ju,Starling,Expense
General expenses,05/03/2022,Mar-22,£40.01 ,Transportation,Mo,HSBC,Expense
General expenses,05/03/2022,Mar-22,£20.48 ,Beauty/Health/medical,Mo,HSBC,Expense
General expenses,06/03/2022,Mar-22,£15.00 ,Takeaway,Mo,HSBC,Expense
General expenses,06/03/2022,Mar-22,£16.00 ,Alc/Tob,Mo,John Lewis,Expense
General expenses,06/03/2022,Mar-22,£16.95 ,Home,Mo,John Lewis,Expense
General expenses,06/03/2022,Mar-22,£1.95 ,Takeaway,Ju,Lloyds,Expense
General expenses,07/03/2022,Mar-22,£13.64 ,Beauty/Health/medical,Mo,John Lewis,Expense
General expenses,07/03/2022,Mar-22,£2.50 ,Food,Mo,HSBC,Expense
General expenses,09/03/2022,Mar-22,£29.25 ,Alc/Tob,Mo,HSBC,Expense
General expenses,11/03/2022,Mar-22,£46.06 ,Personal,Ju,Starling,Expense
General expenses,11/03/2022,Mar-22,£150.00 ,Food,Mo,HSBC,Expense
General expenses,13/03/2022,Mar-22,£3.91 ,Transportation,Mo,Paypal,Expense
Fixed expenses,14/03/2022,Mar-22,£9.41 ,Utilities,Mo,Monzo,Expense
General expenses,14/03/2022,Mar-22,£20.00 ,Transportation,Mo,HSBC,Expense
General expenses,14/03/2022,Mar-22,£27.60 ,Going out,Mo,HSBC,Expense
General expenses,14/03/2022,Mar-22,£3.97 ,Takeaway,Mo,HSBC,Expense
General expenses,15/03/2022,Mar-22,£2.50 ,Transportation,Mo,HSBC,Expense
General expenses,15/03/2022,Mar-22,£1.99 ,Takeaway,Mo,John Lewis,Expense
General expenses,17/03/2022,Mar-22,£49.08 ,Transportation,Ju,Lloyds,Expense
Fixed expenses,18/03/2022,Mar-22,£950.00 ,Utilities,Mo,Monzo,Expense
General expenses,19/03/2022,Mar-22,£19.06 ,Alc/Tob,Mo,HSBC,Expense
Fixed expenses,20/03/2022,Mar-22,£3.18 ,Utilities,Mo,Paypal,Expense
General expenses,21/03/2022,Mar-22,£9.35 ,Beauty/Health/medical,Ju,Lloyds,Expense
General expenses,21/03/2022,Mar-22,£13.95 ,Beauty/Health/medical,Ju,Lloyds,Expense
General expenses,21/03/2022,Mar-22,£5.96 ,Takeaway,Ju,Lloyds,Expense
General expenses,21/03/2022,Mar-22,£7.50 ,Transportation,Mo,HSBC,Expense
General expenses,21/03/2022,Mar-22,£29.25 ,Alc/Tob,Mo,HSBC,Expense
General expenses,21/03/2022,Mar-22,£16.99 ,Food,Mo,HSBC,Expense
General expenses,21/03/2022,Mar-22,£44.50 ,Clothing,Mo,HSBC,Expense
General expenses,21/03/2022,Mar-22,£70.00 ,Going out,Mo,HSBC,Expense
General expenses,21/03/2022,Mar-22,£16.00 ,Alc/Tob,Mo,HSBC,Expense
General expenses,21/03/2022,Mar-22,£5.06 ,Transportation,Mo,Paypal,Expense
Random Incomes,22/03/2022,Mar-22,(£153.98),Other,Mo,John Lewis,Income
General expenses,25/03/2022,Mar-22,£18.36 ,Beauty/Health/medical,Mo,HSBC,Expense
General expenses,25/03/2022,Mar-22,£0.76 ,Food,Mo,HSBC,Expense
Fixed expenses,26/03/2022,Mar-22,£6.00 ,Utilities,Ju,Starling,Expense
Fixed expenses,27/03/2022,Mar-22,£22.00 ,Utilities,Ju,Starling,Expense
Fixed expenses,28/03/2022,Mar-22,£3.99 ,Utilities,Mo,HSBC,Expense
General expenses,28/03/2022,Mar-22,£25.00 ,Takeaway,Mo,HSBC,Expense
Fixed income,28/03/2022,Apr-22,"£1,788.07 ",Paycheck,Mo,Monzo,Income
Fixed income,28/03/2022,Apr-22,"£1,510.69 ",Paycheck,Ju,Lloyds,Income
Fixed expenses,29/03/2022,Mar-22,£82.76 ,Utilities,Ju,Lloyds,Expense
Fixed expenses,29/03/2022,Mar-22,£33.82 ,Utilities,Ju,Lloyds,Expense
General expenses,29/03/2022,Mar-22,£4.99 ,Home,Ju,Lloyds,Expense
General expenses,29/03/2022,Mar-22,£31.45 ,Alc/Tob,Mo,John Lewis,Expense
General expenses,29/03/2022,Mar-22,£14.00 ,Home,Mo,John Lewis,Expense
General expenses,29/03/2022,Mar-22,£150.00 ,Food,Mo,John Lewis,Expense
General expenses,30/03/2022,Mar-22,£2.29 ,Takeaway,Ju,Lloyds,Expense
General expenses,30/03/2022,Mar-22,£3.00 ,Food,Ju,Lloyds,Expense
General expenses,30/03/2022,Mar-22,£19.50 ,Travel,Mo,John Lewis,Expense
General expenses,30/03/2022,Mar-22,£16.40 ,Travel,Mo,John Lewis,Expense
General expenses,30/03/2022,Mar-22,£16.96 ,Takeaway,Mo,John Lewis,Expense
General expenses,31/03/2022,Mar-22,£319.00 ,Travel,Mo,HSBC,Expense
Fixed expenses,01/04/2022,Apr-22,£18.37 ,Utilities,Mo,Monzo,Expense
Fixed savings,03/04/2022,Apr-22,£40.63 ,Savings,Ju,Starling,Expense
Fixed savings,03/04/2022,Apr-22,£237.50 ,Savings,Ju,Starling,Expense
General expenses,04/04/2022,Apr-22,£41.80 ,Alc/Tob,Mo,John Lewis,Expense
Fixed savings,06/04/2022,Apr-22,£91.67 ,Savings,Ju,Starling,Expense
Fixed savings,06/04/2022,Apr-22,£96.99 ,Savings,Ju,Starling,Expense
Fixed savings,06/04/2022,Apr-22,£100.00 ,Savings,Ju,Starling,Expense
General expenses,06/04/2022,Apr-22,£24.00 ,Beauty/Health/medical,Ju,Lloyds,Expense
General expenses,06/04/2022,Apr-22,£28.94 ,Beauty/Health/medical,Ju,Lloyds,Expense
General expenses,08/04/2022,Apr-22,£15.90 ,Food,Mo,John Lewis,Expense
General expenses,08/04/2022,Apr-22,£29.25 ,Alc/Tob,Mo,John Lewis,Expense
Fixed expenses,11/04/2022,Apr-22,£9.41 ,Utilities,Mo,Monzo,Expense
General expenses,11/04/2022,Apr-22,£2.39 ,Takeaway,Ju,Lloyds,Expense
General expenses,11/04/2022,Apr-22,£11.98 ,Takeaway,Mo,John Lewis,Expense
General expenses,11/04/2022,Apr-22,£20.00 ,Takeaway,Mo,John Lewis,Expense
General expenses,12/04/2022,Apr-22,£49.79 ,Food,Ju,Lloyds,Expense
General expenses,13/04/2022,Apr-22,£150.00 ,Food,Mo,John Lewis,Expense
General expenses,14/04/2022,Apr-22,£5.96 ,Takeaway,Ju,Lloyds,Expense
General expenses,14/04/2022,Apr-22,£5.99 ,Takeaway,Mo,John Lewis,Expense
General expenses,15/04/2022,Apr-22,£17.00 ,Beauty/Health/medical,Mo,John Lewis,Expense
General expenses,16/04/2022,Apr-22,£29.25 ,Alc/Tob,Mo,John Lewis,Expense
Fixed expenses,18/04/2022,Apr-22,£950.00 ,Utilities,Mo,Monzo,Expense
General expenses,18/04/2022,Apr-22,£7.99 ,Home,Mo,John Lewis,Expense
General expenses,18/04/2022,Apr-22,£8.98 ,Takeaway,Mo,John Lewis,Expense
General expenses,19/04/2022,Apr-22,£37.96 ,Beauty/Health/medical,Ju,Lloyds,Expense
Fixed expenses,20/04/2022,Apr-22,£3.21 ,Utilities,Mo,Paypal,Expense
Fixed savings,21/04/2022,Apr-22,£483.87 ,Savings,Ju,Starling,Expense
Random Incomes,21/04/2022,Apr-22,(£483.87),Other,Mo,John Lewis,Income
General expenses,22/04/2022,Apr-22,£26.98 ,Clothing,Ju,Lloyds,Expense
General expenses,25/04/2022,Apr-22,£17.97 ,Takeaway,Mo,John Lewis,Expense
Fixed expenses,26/04/2022,Apr-22,£7.00 ,Utilities,Ju,Starling,Expense
Fixed expenses,27/04/2022,Apr-22,£22.00 ,Utilities,Ju,Starling,Expense
Fixed expenses,27/04/2022,Apr-22,£3.99 ,Utilities,Mo,HSBC,Expense
Fixed expenses,28/04/2022,Apr-22,£142.45 ,Utilities,Mo,Monzo,Expense
Random Incomes,28/04/2022,Apr-22,(£150.00),Utilities,Mo,Monzo,Income
Fixed expenses,29/04/2022,Apr-22,£82.76 ,Utilities,Ju,Lloyds,Expense
General expenses,29/04/2022,Apr-22,£150.00 ,Food,Mo,John Lewis,Expense
General expenses,29/04/2022,Apr-22,£30.40 ,Alc/Tob,Ju,Lloyds,Expense
Fixed income,29/04/2022,May-22,"£1,912.30 ",Paycheck,Mo,Monzo,Income
Fixed income,29/04/2022,May-22,"£1,708.06 ",Paycheck,Ju,Lloyds,Income
Fixed expenses,30/04/2022,Apr-22,£38.82 ,Utilities,Ju,Lloyds,Expense
Fixed expenses,01/05/2022,May-22,£18.37 ,Utilities,Mo,Monzo,Expense
General expenses,02/05/2022,May-22,£7.99 ,Home,Mo,John Lewis,Expense
General expenses,02/05/2022,May-22,£15.00 ,Takeaway,Mo,John Lewis,Expense
Fixed savings,03/05/2022,May-22,£237.50 ,Savings,Ju,Starling,Expense
Fixed savings,03/05/2022,May-22,£100.00 ,Savings,Ju,Starling,Expense
Fixed savings,03/05/2022,May-22,£40.63 ,Savings,Ju,Starling,Expense
Fixed savings,03/05/2022,May-22,£91.67 ,Savings,Ju,Starling,Expense
Fixed savings,03/05/2022,May-22,£96.97 ,Savings,Ju,Starling,Expense
General expenses,05/05/2022,May-22,£8.98 ,Takeaway,Mo,John Lewis,Expense
General expenses,06/05/2022,May-22,£29.25 ,Alc/Tob,Mo,John Lewis,Expense
General expenses,06/05/2022,May-22,£150.00 ,Food,Mo,John Lewis,Expense
General expenses,07/05/2022,May-22,£42.04 ,Gifts,Mo,HSBC,Expense
General expenses,08/05/2022,May-22,£81.99 ,Gifts,Mo,Monzo,Expense
General expenses,09/05/2022,May-22,£6.50 ,Transportation,Mo,HSBC,Expense
General expenses,09/05/2022,May-22,£1.09 ,Food,Mo,HSBC,Expense
General expenses,09/05/2022,May-22,£75.25 ,Transportation,Mo,HSBC,Expense
General expenses,09/05/2022,May-22,£11.28 ,Going out,Mo,John Lewis,Expense
General expenses,09/05/2022,May-22,£7.20 ,Transportation,Mo,John Lewis,Expense
General expenses,09/05/2022,May-22,£12.98 ,Takeaway,Mo,John Lewis,Expense
General expenses,09/05/2022,May-22,£4.60 ,Transportation,Mo,John Lewis,Expense
General expenses,09/05/2022,May-22,£5.24 ,Food,Mo,John Lewis,Expense
Fixed expenses,11/05/2022,May-22,£9.83 ,Utilities,Mo,Monzo,Expense
General expenses,13/05/2022,May-22,£14.00 ,Home,Mo,John Lewis,Expense
General expenses,13/05/2022,May-22,£150.00 ,Food,Mo,John Lewis,Expense
General expenses,13/05/2022,May-22,£50.00 ,Home,Mo,John Lewis,Expense
General expenses,13/05/2022,May-22,£4.25 ,Home,Mo,HSBC,Expense
General expenses,13/05/2022,May-22,£14.00 ,Home,Mo,John Lewis,Expense
General expenses,14/05/2022,May-22,£8.89 ,Takeaway,Mo,John Lewis,Expense
General expenses,16/05/2022,May-22,£0.99 ,Home,Mo,HSBC,Expense
General expenses,16/05/2022,May-22,£8.75 ,Food,Mo,HSBC,Expense
General expenses,16/05/2022,May-22,£29.00 ,Takeaway,Mo,John Lewis,Expense
General expenses,17/05/2022,May-22,£75.50 ,Other,Mo,John Lewis,Expense
General expenses,17/05/2022,May-22,£73.76 ,Transportation,Mo,John Lewis,Expense
Fixed expenses,18/05/2022,May-22,£950.00 ,Utilities,Mo,Monzo,Expense
General expenses,18/05/2022,May-22,£33.55 ,Beauty/Health/medical,Mo,HSBC,Expense
General expenses,18/05/2022,May-22,£1.00 ,Home,Mo,Paypal,Expense
General expenses,19/05/2022,May-22,£149.13 ,Clothing,Ju,Lloyds,Expense
General expenses,19/05/2022,May-22,£29.25 ,Alc/Tob,Mo,John Lewis,Expense
General expenses,19/05/2022,May-22,£2.39 ,Takeaway,Mo,John Lewis,Expense
Fixed expenses,20/05/2022,May-22,£3.38 ,Utilities,Mo,Paypal,Expense
General expenses,20/05/2022,May-22,£25.21 ,Home,Mo,John Lewis,Expense
General expenses,20/05/2022,May-22,£150.00 ,Food,Mo,John Lewis,Expense
General expenses,23/05/2022,May-22,£30.00 ,Takeaway,Mo,John Lewis,Expense
Fixed expenses,26/05/2022,May-22,£7.00 ,Utilities,Ju,Starling,Expense
Fixed expenses,27/05/2022,May-22,£22.00 ,Utilities,Ju,Starling,Expense
Fixed expenses,27/05/2022,May-22,£3.99 ,Utilities,Mo,HSBC,Expense
General expenses,27/05/2022,May-22,£29.25 ,Alc/Tob,Mo,John Lewis,Expense
Fixed income,27/05/2022,Jun-22,"£1,191.48 ",Paycheck,Ju,Lloyds,Income
Fixed expenses,30/05/2022,May-22,£146.00 ,Utilities,Mo,Monzo,Expense
Fixed expenses,30/05/2022,May-22,£82.76 ,Utilities,Ju,Lloyds,Expense
Fixed expenses,30/05/2022,May-22,£38.82 ,Utilities,Ju,Lloyds,Expense
General expenses,30/05/2022,May-22,£30.00 ,Takeaway,Mo,John Lewis,Expense
General expenses,30/05/2022,May-22,£2.94 ,Other,Mo,John Lewis,Expense
General expenses,30/05/2022,May-22,£37.00 ,Home,Mo,John Lewis,Expense
Fixed income,30/05/2022,Jun-22,"£1,912.30 ",Paycheck,Mo,Monzo,Income
Fixed expenses,01/06/2022,Jun-22,£18.37 ,Utilities,Mo,Monzo,Expense
Fixed savings,03/06/2022,Jun-22,£94.65 ,Savings,Ju,Starling,Expense
Fixed savings,03/06/2022,Jun-22,£200.00 ,Savings,Ju,Starling,Expense
Fixed savings,03/06/2022,Jun-22,£91.66 ,Savings,Ju,Starling,Expense
Fixed savings,03/06/2022,Jun-22,£12.06 ,Savings,Ju,Starling,Expense
Fixed savings,03/06/2022,Jun-22,£100.00 ,Savings,Ju,Starling,Expense
General expenses,03/06/2022,Jun-22,£2.39 ,Takeaway,Mo,John Lewis,Expense
General expenses,03/06/2022,Jun-22,£16.73 ,Food,Mo,John Lewis,Expense
General expenses,06/06/2022,Jun-22,£29.25 ,Alc/Tob,Mo,John Lewis,Expense
General expenses,06/06/2022,Jun-22,£53.59 ,Food,Mo,John Lewis,Expense
General expenses,06/06/2022,Jun-22,£100.00 ,Food,Mo,John Lewis,Expense
General expenses,09/06/2022,Jun-22,£5.65 ,Gifts,Ju,Lloyds,Expense
General expenses,09/06/2022,Jun-22,£18.79 ,Clothing,Ju,Lloyds,Expense
General expenses,09/06/2022,Jun-22,£30.40 ,Alc/Tob,Mo,hsbc,Expense
General expenses,10/06/2022,Jun-22,£150.00 ,Food,Mo,John Lewis,Expense
Fixed expenses,11/06/2022,Jun-22,£9.83 ,Utilities,Mo,Monzo,Expense
General expenses,13/06/2022,Jun-22,£34.99 ,Gifts,Ju,Lloyds,Expense
General expenses,13/06/2022,Jun-22,£15.00 ,Takeaway,Mo,John Lewis,Expense
Savings expense,14/06/2022,Jun-22,£377.47 ,Transportation,Mo,John Lewis,Expense
Fixed expenses,18/06/2022,Jun-22,£950.00 ,Utilities,Mo,Monzo,Expense
Fixed expenses,20/06/2022,Jun-22,£3.42 ,Utilities,Mo,Paypal,Expense
General expenses,20/06/2022,Jun-22,£12.27 ,Takeaway,Mo,John Lewis,Expense
General expenses,23/06/2022,Jun-22,£40.17 ,Transportation,Ju,Lloyds,Expense
General expenses,23/06/2022,Jun-22,£31.45 ,Alc/Tob,Mo,John Lewis,Expense
General expenses,23/06/2022,Jun-22,£150.00 ,Food,Mo,John Lewis,Expense
General expenses,23/06/2022,Jun-22,£25.00 ,Takeaway,Mo,John Lewis,Expense
Fixed expenses,26/06/2022,Jun-22,£7.00 ,Utilities,Ju,Starling,Expense
Fixed expenses,26/06/2022,Jun-22,£3.99 ,Utilities,Mo,HSBC,Expense
Fixed expenses,27/06/2022,Jun-22,£22.00 ,Utilities,Ju,Starling,Expense
Fixed income,27/06/2022,Jul-22,"£1,334.90 ",Paycheck,Ju,Lloyds,Income
Fixed expenses,28/06/2022,Jun-22,£82.76 ,Utilities,Ju,Lloyds,Expense
Fixed expenses,30/06/2022,Jun-22,£146.00 ,Utilities,Mo,Monzo,Expense
Fixed expenses,30/06/2022,Jun-22,£38.82 ,Utilities,Ju,Lloyds,Expense
Fixed income,30/06/2022,Jul-22,"£1,912.10 ",Paycheck,Mo,Monzo,Income
General expenses,02/07/2022,Jul-22,£29.25 ,Alc/Tob,Mo,John Lewis,Expense
General expenses,02/07/2022,Jul-22,£3.30 ,Food,Mo,John Lewis,Expense
General expenses,02/07/2022,Jul-22,£150.00 ,Food,Mo,John Lewis,Expense
Fixed expenses,04/07/2022,Jul-22,£19.25 ,Utilities,Mo,Monzo,Expense
General expenses,04/07/2022,Jul-22,£16.60 ,Food,Mo,John Lewis,Expense
General expenses,04/07/2022,Jul-22,£17.00 ,Takeaway,Mo,John Lewis,Expense
General expenses,04/07/2022,Jul-22,£12.26 ,Takeaway,Mo,John Lewis,Expense
General expenses,04/07/2022,Jul-22,£3.50 ,Food,Mo,John Lewis,Expense
General expenses,09/07/2022,Jul-22,£30.35 ,Alc/Tob,Mo,John Lewis,Expense
Fixed expenses,11/07/2022,Jul-22,£9.83 ,Utilities,Mo,Monzo,Expense
General expenses,11/07/2022,Jul-22,£5.00 ,Gifts,Ju,Lloyds,Expense
General expenses,14/07/2022,Jul-22,£2.35 ,Other,Mo,HSBC,Expense
General expenses,15/07/2022,Jul-22,£150.00 ,Food,Mo,John Lewis,Expense
General expenses,15/07/2022,Jul-22,£29.25 ,Alc/Tob,Mo,John Lewis,Expense
Fixed expenses,18/07/2022,Jul-22,£950.00 ,Utilities,Mo,Monzo,Expense
General expenses,18/07/2022,Jul-22,£62.44 ,Food,Ju,Lloyds,Expense
General expenses,18/07/2022,Jul-22,£7.34 ,Food,Mo,John Lewis,Expense
Fixed expenses,20/07/2022,Jul-22,£3.50 ,Utilities,Mo,Paypal,Expense
Random Incomes,20/07/2022,Jul-22,(£30.00),Random income,Ju,Lloyds,Income
Savings expense,22/07/2022,Jul-22,£64.31 ,Travel,Mo,John Lewis,Expense
Savings expense,22/07/2022,Jul-22,£58.00 ,Travel,Mo,John Lewis,Expense
Savings expense,22/07/2022,Jul-22,£130.00 ,Travel,Mo,John Lewis,Expense
Savings expense,22/07/2022,Jul-22,£192.00 ,Travel,Mo,John Lewis,Expense
Savings expense,22/07/2022,Jul-22,£36.00 ,Travel,Mo,John Lewis,Expense
General expenses,22/07/2022,Jul-22,£150.00 ,Food,Mo,John Lewis,Expense
General expenses,23/07/2022,Jul-22,£17.00 ,Beauty/Health/medical,Mo,John Lewis,Expense
General expenses,25/07/2022,Jul-22,£5.90 ,Transportation,Mo,HSBC,Expense
Fixed expenses,26/07/2022,Jul-22,£7.00 ,Utilities,Ju,Starling,Expense
Fixed expenses,26/07/2022,Jul-22,£3.99 ,Utilities,Mo,HSBC,Expense
General expenses,26/07/2022,Jul-22,£25.00 ,Takeaway,Mo,John Lewis,Expense
General expenses,26/07/2022,Jul-22,£60.00 ,Clothing,Mo,John Lewis,Expense
General expenses,26/07/2022,Jul-22,£0.55 ,Beauty/Health/medical,Mo,John Lewis,Expense
General expenses,26/07/2022,Jul-22,£18.60 ,Takeaway,Mo,John Lewis,Expense
General expenses,26/07/2022,Jul-22,£10.00 ,Clothing,Mo,John Lewis,Expense
Fixed expenses,27/07/2022,Jul-22,£22.00 ,Utilities,Ju,Starling,Expense
General expenses,27/07/2022,Jul-22,£29.25 ,Alc/Tob,Mo,John Lewis,Expense
Savings expense,27/07/2022,Jul-22,£57.09 ,Travel,Mo,John Lewis,Expense
Fixed expenses,28/07/2022,Jul-22,£146.00 ,Utilities,Mo,Monzo,Expense
Fixed expenses,28/07/2022,Jul-22,£82.76 ,Utilities,Ju,Lloyds,Expense
Savings expense,28/07/2022,Jul-22,£15.00 ,Savings,Mo,John Lewis,Expense
Savings expense,28/07/2022,Jul-22,£91.40 ,Travel,Mo,John Lewis,Expense
Fixed income,28/07/2022,Aug-22,"£1,942.11 ",Paycheck,Mo,Monzo,Income
Savings expense,29/07/2022,Jul-22,£24.00 ,Travel,Mo,John Lewis,Expense
Savings expense,29/07/2022,Jul-22,£30.00 ,Travel,Mo,John Lewis,Expense
Savings expense,29/07/2022,Jul-22,£20.00 ,Travel,Mo,John Lewis,Expense
Savings expense,29/07/2022,Jul-22,£20.00 ,Travel,Mo,John Lewis,Expense
Savings expense,29/07/2022,Jul-22,£22.69 ,Travel,Mo,John Lewis,Expense
Savings expense,29/07/2022,Jul-22,£71.37 ,Travel,Mo,John Lewis,Expense
Fixed expenses,30/07/2022,Jul-22,£38.82 ,Utilities,Ju,Lloyds,Expense
Savings expense,30/07/2022,Jul-22,£8.10 ,Travel,Mo,John Lewis,Expense
Savings expense,30/07/2022,Jul-22,£25.00 ,Travel,Mo,John Lewis,Expense
Savings expense,30/07/2022,Jul-22,£27.10 ,Travel,Mo,John Lewis,Expense
Savings expense,30/07/2022,Jul-22,£27.80 ,Travel,Mo,John Lewis,Expense
Savings expense,30/07/2022,Jul-22,£4.06 ,Travel,Mo,John Lewis,Expense
Savings expense,30/07/2022,Jul-22,£12.99 ,Travel,Mo,John Lewis,Expense
Savings expense,30/07/2022,Jul-22,£15.83 ,Travel,Mo,John Lewis,Expense
General expenses,30/07/2022,Jul-22,£6.43 ,Food,Mo,John Lewis,Expense
Fixed income,31/07/2022,Aug-22,"£1,430.99 ",Paycheck,Ju,Lloyds,Income
Fixed expenses,01/08/2022,Aug-22,£19.25 ,Utilities,Mo,Monzo,Expense
General expenses,05/08/2022,Aug-22,£150.00 ,Food,Mo,John Lewis,Expense
General expenses,06/08/2022,Aug-22,£29.25 ,Alc/Tob,Mo,John Lewis,Expense
General expenses,08/08/2022,Aug-22,£22.00 ,Takeaway,Mo,John Lewis,Expense
Fixed expenses,10/08/2022,Aug-22,£9.83 ,Utilities,Mo,Monzo,Expense
General expenses,10/08/2022,Aug-22,£150.00 ,Food,Mo,John Lewis,Expense
General expenses,10/08/2022,Aug-22,£9.98 ,Takeaway,Mo,John Lewis,Expense
General expenses,13/08/2022,Aug-22,£5.73 ,Food,Mo,John Lewis,Expense
General expenses,15/08/2022,Aug-22,£10.00 ,Takeaway,Mo,John Lewis,Expense
General expenses,17/08/2022,Aug-22,£0.99 ,Takeaway,Mo,John Lewis,Expense
General expenses,17/08/2022,Aug-22,£30.35 ,Alc/Tob,Mo,John Lewis,Expense
General expenses,17/08/2022,Aug-22,£6.18 ,Food,Mo,John Lewis,Expense
General expenses,17/08/2022,Aug-22,£136.00 ,Travel,Mo,John Lewis,Expense
Fixed expenses,18/08/2022,Aug-22,£950.00 ,Utilities,Mo,Monzo,Expense
Fixed expenses,20/08/2022,Aug-22,£3.53 ,Utilities,Mo,Paypal,Expense
General expenses,20/08/2022,Aug-22,£83.01 ,Food,Mo,John Lewis,Expense
General expenses,20/08/2022,Aug-22,£150.00 ,Food,Mo,John Lewis,Expense
General expenses,22/08/2022,Aug-22,£29.25 ,Alc/Tob,Mo,John Lewis,Expense
Random Incomes,22/08/2022,Aug-22,(£12.19),Food,Ju,Lloyds,Expense
Random Incomes,22/08/2022,Aug-22,(£30.00),Food,Ju,Lloyds,Expense
Fixed expenses,24/08/2022,Aug-22,£6.00 ,Utilities,Ju,Starling,Expense
Fixed expenses,25/08/2022,Aug-22,£3.99 ,Utilities,Mo,HSBC,Expense
General expenses,25/08/2022,Aug-22,£33.24 ,Beauty/Health/medical,Mo,HSBC,Expense
General expenses,26/08/2022,Aug-22,£100.00 ,Food,Mo,John Lewis,Expense
Fixed expenses,27/08/2022,Aug-22,£22.00 ,Utilities,Ju,Starling,Expense
Fixed expenses,28/08/2022,Aug-22,£146.00 ,Utilities,Mo,Monzo,Expense
General expenses,28/08/2022,Aug-22,£7.99 ,Beauty/Health/medical,Mo,HSBC,Expense
Fixed expenses,29/08/2022,Aug-22,£82.76 ,Utilities,Ju,Lloyds,Expense
General expenses,29/08/2022,Aug-22,£25.00 ,Takeaway,Mo,John Lewis,Expense
Fixed expenses,30/08/2022,Aug-22,£38.82 ,Utilities,Ju,Lloyds,Expense
General expenses,30/08/2022,Aug-22,£22.93 ,Food,Ju,Lloyds,Expense
Fixed income,31/08/2022,Sep-22,"£1,101.05 ",Paycheck,Ju,Lloyds,Income
Fixed income,31/08/2022,Sep-22,"£1,899.64 ",Paycheck,Mo,Monzo,Income
General expenses,31/08/2022,Aug-22,£23.17 ,Gifts,Mo,HSBC,Expense
General expenses,01/09/2022,Sep-22,£150.00 ,Food,Mo,HSBC,Expense
General expenses,02/09/2022,Sep-22,£87.54 ,Transportation,Mo,HSBC,Expense
General expenses,02/09/2022,Sep-22,£6.29 ,Food,Mo,HSBC,Expense
General expenses,02/09/2022,Sep-22,£29.25 ,Alc/Tob,Mo,HSBC,Expense
General expenses,02/09/2022,Sep-22,£7.60 ,Transportation,Mo,HSBC,Expense
General expenses,02/09/2022,Sep-22,£5.00 ,Transportation,Mo,HSBC,Expense
General expenses,03/09/2022,Sep-22,£2.39 ,Food,Mo,HSBC,Expense
General expenses,03/09/2022,Sep-22,£22.00 ,Going out,Mo,HSBC,Expense
General expenses,03/09/2022,Sep-22,£6.20 ,Transportation,Mo,HSBC,Expense
General expenses,03/09/2022,Sep-22,£57.10 ,Going out,Mo,HSBC,Expense
General expenses,04/09/2022,Sep-22,£20.25 ,Food,Mo,HSBC,Expense
General expenses,04/09/2022,Sep-22,£19.80 ,Alc/Tob,Mo,HSBC,Expense
General expenses,05/09/2022,Sep-22,£21.20 ,Going out,Ju,Lloyds,Expense
General expenses,05/09/2022,Sep-22,£6.20 ,Transportation,Ju,Lloyds,Expense
General expenses,05/09/2022,Sep-22,£11.60 ,Going out,Ju,Lloyds,Expense
General expenses,05/09/2022,Sep-22,£16.04 ,Takeaway,Mo,HSBC,Expense
General expenses,05/09/2022,Sep-22,£7.30 ,Transportation,Mo,HSBC,Expense
General expenses,10/09/2022,Sep-22,£10.00 ,Takeaway,Mo,HSBC,Expense
General expenses,11/09/2022,Sep-22,£0.50 ,Takeaway,Ju,Starling,Expense
General expenses,11/09/2022,Sep-22,£4.00 ,Food,Mo,HSBC,Expense
General expenses,12/09/2022,Sep-22,£26.43 ,Food,Ju,Lloyds,Expense
General expenses,14/09/2022,Sep-22,£2.00 ,Transportation,Ju,Lloyds,Expense
General expenses,14/09/2022,Sep-22,£3.97 ,Food,Ju,Lloyds,Expense
General expenses,14/09/2022,Sep-22,£30.35 ,Alc/Tob,Ju,Lloyds,Expense
General expenses,15/09/2022,Sep-22,£100.00 ,Food,Mo,HSBC,Expense
General expenses,16/09/2022,Sep-22,£1.60 ,Transportation,Ju,Lloyds,Expense
General expenses,16/09/2022,Sep-22,£25.00 ,Takeaway,Mo,HSBC,Expense
General expenses,17/09/2022,Sep-22,£5.15 ,Food,Mo,HSBC,Expense
Fixed expenses,20/09/2022,Sep-22,£3.67 ,Utilities,Mo,Paypal,Expense
General expenses,20/09/2022,Sep-22,£3.31 ,Transportation,Mo,Paypal,Expense
General expenses,22/09/2022,Sep-22,£100.00 ,Food,Mo,HSBC,Expense
General expenses,22/09/2022,Sep-22,£29.25 ,Alc/Tob,Mo,HSBC,Expense
General expenses,22/09/2022,Sep-22,£37.31 ,Food,Mo,HSBC,Expense
General expenses,23/09/2022,Sep-22,£20.01 ,Transportation,Ju,Lloyds,Expense
General expenses,24/09/2022,Sep-22,£15.00 ,Takeaway,Mo,HSBC,Expense
General expenses,25/09/2022,Sep-22,£16.00 ,Takeaway,Mo,HSBC,Expense
General expenses,26/09/2022,Sep-22,£42.77 ,Beauty/Health/medical,Ju,Starling,Expense
General expenses,26/09/2022,Sep-22,£28.75 ,Beauty/Health/medical,Mo,HSBC,Expense
General expenses,27/09/2022,Sep-22,£6.00 ,Beauty/Health/medical,Mo,HSBC,Expense
General expenses,29/09/2022,Sep-22,£13.32 ,Food,Ju,Starling,Expense
General expenses,29/09/2022,Sep-22,£26.98 ,Beauty/Health/medical,Mo,HSBC,Expense
General expenses,29/09/2022,Sep-22,£100.00 ,Food,Mo,HSBC,Expense
Fixed income,30/09/2022,Oct-22,"£1,412.30 ",Paycheck,Ju,Lloyds,Income
Fixed income,30/09/2022,Oct-22,"£1,909.95 ",Paycheck,Mo,Monzo,Income
General expenses,01/10/2022,Oct-22,£80.00 ,Food,Mo,HSBC,Expense
General expenses,01/10/2022,Oct-22,£17.00 ,Takeaway,Ju,Starling,Expense
General expenses,02/10/2022,Oct-22,£3.62 ,Home,Mo,Paypal,Expense
General expenses,02/10/2022,Oct-22,£13.06 ,Takeaway,Ju,Starling,Expense
Fixed expenses,03/10/2022,Oct-22,£19.25 ,Utilities,Mo,Monzo,Expense
General expenses,04/10/2022,Oct-22,£4.99 ,Other,Mo,HSBC,Expense
General expenses,05/10/2022,Oct-22,£25.00 ,Transportation,Ju,Lloyds,Expense
General expenses,05/10/2022,Oct-22,£4.00 ,Transportation,Mo,HSBC,Expense
General expenses,06/10/2022,Oct-22,£100.00 ,Food,Mo,HSBC,Expense
General expenses,08/10/2022,Oct-22,£34.91 ,Takeaway,Mo,HSBC,Expense
Fixed savings,09/10/2022,Oct-22,£193.00 ,Savings,Ju,Starling,Expense
Fixed savings,09/10/2022,Oct-22,£181.33 ,Savings,Ju,Starling,Expense
Fixed savings,09/10/2022,Oct-22,£111.11 ,Savings,Ju,Starling,Expense
Fixed savings,09/10/2022,Oct-22,£22.22 ,Savings,Ju,Starling,Expense
Fixed savings,09/10/2022,Oct-22,£44.44 ,Savings,Ju,Starling,Expense
Fixed savings,09/10/2022,Oct-22,£100.00 ,Savings,Ju,Starling,Expense
Fixed savings,09/10/2022,Oct-22,£208.33 ,Savings,Ju,Starling,Expense
Fixed savings,09/10/2022,Oct-22,£76.92 ,Savings,Ju,Starling,Expense
General expenses,10/10/2022,Oct-22,£3.45 ,Beauty/Health/medical,Mo,HSBC,Expense
General expenses,10/10/2022,Oct-22,£309.99 ,Gifts,Ju,Starling,Expense
General expenses,10/10/2022,Oct-22,£63.99 ,Travel,Ju,Starling,Expense
Fixed expenses,11/10/2022,Oct-22,£9.83 ,Utilities,Mo,Monzo,Expense
General expenses,11/10/2022,Oct-22,£29.25 ,Alc/Tob,Ju,Starling,Expense
General expenses,11/10/2022,Oct-22,£4.60 ,Food,Ju,Starling,Expense
General expenses,12/10/2022,Oct-22,£2.76 ,Takeaway,Mo,HSBC,Expense
General expenses,13/10/2022,Oct-22,£18.00 ,Beauty/Health/medical,Mo,HSBC,Expense
General expenses,15/10/2022,Oct-22,£55.81 ,Going out,Mo,HSBC,Expense
General expenses,15/10/2022,Oct-22,£18.27 ,Transportation,Mo,Paypal,Expense
General expenses,15/10/2022,Oct-22,£2.00 ,Transportation,Ju,Starling,Expense
General expenses,15/10/2022,Oct-22,£3.90 ,Going out,Ju,Starling,Expense
General expenses,16/10/2022,Oct-22,£25.00 ,Takeaway,Mo,HSBC,Expense
General expenses,16/10/2022,Oct-22,£2.00 ,Transportation,Ju,Starling,Expense
General expenses,17/10/2022,Oct-22,£124.05 ,Travel,Ju,Starling,Expense
Fixed expenses,18/10/2022,Oct-22,£950.00 ,Utilities,Mo,Monzo,Expense
General expenses,18/10/2022,Oct-22,£7.89 ,Beauty/Health/medical,Mo,HSBC,Expense
General expenses,18/10/2022,Oct-22,£18.94 ,Beauty/Health/medical,Mo,HSBC,Expense
General expenses,18/10/2022,Oct-22,£5.99 ,Takeaway,Mo,HSBC,Expense
General expenses,18/10/2022,Oct-22,£3.99 ,Home,Mo,revolut,Expense
General expenses,19/10/2022,Oct-22,£59.40 ,Takeaway,Mo,HSBC,Expense
Fixed expenses,20/10/2022,Oct-22,£3.73 ,Utilities,Mo,Paypal,Expense
General expenses,20/10/2022,Oct-22,£20.99 ,Gifts,Mo,HSBC,Expense
General expenses,21/10/2022,Oct-22,£21.44 ,Gifts,Mo,HSBC,Expense
General expenses,21/10/2022,Oct-22,£16.49 ,Gifts,Mo,HSBC,Expense
General expenses,21/10/2022,Oct-22,£29.25 ,Alc/Tob,Mo,HSBC,Expense
Fixed income,21/10/2022,Nov-22,"£1,655.42 ",Paycheck,Ju,Lloyds,Income
General expenses,23/10/2022,Oct-22,£15.00 ,Takeaway,Mo,HSBC,Expense
General expenses,24/10/2022,Oct-22,£40.00 ,Transportation,Mo,HSBC,Expense
General expenses,24/10/2022,Oct-22,£60.00 ,Transportation,Mo,HSBC,Expense
General expenses,24/10/2022,Oct-22,£6.46 ,Transportation,Mo,Paypal,Expense
General expenses,25/10/2022,Oct-22,£3.00 ,Beauty/Health/medical,Mo,HSBC,Expense
Fixed expenses,26/10/2022,Oct-22,£4.49 ,Utilities,Mo,HSBC,Expense
Fixed expenses,26/10/2022,Oct-22,£7.00 ,Utilities,Ju,Starling,Expense
Fixed expenses,27/10/2022,Oct-22,£22.00 ,Utilities,Ju,Starling,Expense
General expenses,27/10/2022,Oct-22,£200.00 ,Food,Mo,HSBC,Expense
General expenses,27/10/2022,Oct-22,£30.35 ,Alc/Tob,Ju,Starling,Expense
Fixed expenses,28/10/2022,Oct-22,£15.76 ,Utilities,Ju,Lloyds,Expense
Fixed expenses,28/10/2022,Oct-22,£146.00 ,Utilities,Mo,Monzo,Expense
General expenses,28/10/2022,Oct-22,£22.98 ,Beauty/Health/Medical,Mo,HSBC,Expense
General expenses,29/10/2022,Oct-22,£15.00 ,Takeaway,Mo,HSBC,Expense
Fixed expenses,31/10/2022,Oct-22,£36.82 ,Utilities,Ju,Lloyds,Expense
Fixed income,31/10/2022,Nov-22,"£1,942.11 ",Paycheck,Mo,Monzo,Income
Fixed expenses,01/11/2022,Nov-22,£28.50 ,Utilities,Ju,Lloyds,Expense
Fixed expenses,01/11/2022,Nov-22,£19.25 ,Utilities,Mo,Monzo,Expense
Fixed expenses,01/11/2022,Nov-22,£25.00 ,Utilities,Mo,Monzo,Expense
General expenses,01/11/2022,Nov-22,£39.95 ,Alc/Tob,Mo,HSBC,Expense
General expenses,02/11/2022,Nov-22,£39.96 ,Beauty/Health/Medical,Mo,HSBC,Expense
General expenses,03/11/2022,Nov-22,£84.12 ,Food,Ju,Tesco bank,Expense
General expenses,09/11/2022,Nov-22,£2.91 ,Food,Ju,Tesco bank,Expense
General expenses,09/11/2022,Nov-22,£200.00 ,Food,Mo,HSBC,Expense
Fixed expenses,10/11/2022,Nov-22,£9.83 ,Utilities,Mo,Monzo,Expense
General expenses,10/11/2022,Nov-22,£2.00 ,Transportation,Ju,Tesco bank,Expense
General expenses,10/11/2022,Nov-22,£29.25 ,Alc/Tob,Ju,Tesco bank,Expense
General expenses,10/11/2022,Nov-22,£4.00 ,Transportation,Mo,HSBC,Expense
General expenses,10/11/2022,Nov-22,£37.00 ,Transportation,Mo,HSBC,Expense
General expenses,10/11/2022,Nov-22,£10.10 ,Takeaway,Mo,HSBC,Expense
General expenses,11/11/2022,Nov-22,£59.60 ,Clothing,Ju,Tesco bank,Expense
General expenses,11/11/2022,Nov-22,£17.22 ,Takeaway,Ju,Tesco bank,Expense
General expenses,11/11/2022,Nov-22,£240.00 ,Gifts,Mo,HSBC,Expense
General expenses,11/11/2022,Nov-22,£12.30 ,Transportation,Mo,HSBC,Expense
General expenses,12/11/2022,Nov-22,£3.35 ,Takeaway,Ju,Tesco bank,Expense
General expenses,12/11/2022,Nov-22,£54.39 ,Transportation,Mo,HSBC,Expense
General expenses,17/11/2022,Nov-22,£50.02 ,Transportation,Mo,HSBC,Expense
General expenses,17/11/2022,Nov-22,£11.78 ,Going out,Mo,HSBC,Expense
General expenses,18/11/2022,Nov-22,£0.85 ,Takeaway,Ju,Tesco bank,Expense
General expenses,18/11/2022,Nov-22,£6.50 ,Takeaway,Mo,HSBC,Expense
General expenses,18/11/2022,Nov-22,£12.60 ,Transportation,Mo,HSBC,Expense
General expenses,19/11/2022,Nov-22,£32.00 ,Takeaway,Mo,HSBC,Expense
Fixed expenses,20/11/2022,Nov-22,£3.53 ,Utilities,Mo,Paypal,Expense
Fixed expenses,23/11/2022,Nov-22,£950.00 ,Utilities,Mo,Monzo,Expense
Fixed income,23/11/2022,Dec-22,"£1,215.00 ",Paycheck,Ju,Lloyds,Income
General expenses,24/11/2022,Nov-22,£31.45 ,Alc/Tob,ju,Tesco bank,Expense
General expenses,24/11/2022,Nov-22,£200.00 ,Food,Ju,Tesco bank,Expense
Fixed expenses,26/11/2022,Nov-22,£4.49 ,Utilities,Mo,HSBC,Expense
Fixed expenses,26/11/2022,Nov-22,£7.00 ,Utilities,Ju,Starling,Expense
Fixed expenses,27/11/2022,Nov-22,£22.00 ,Utilities,Ju,Starling,Expense
General expenses,27/11/2022,Nov-22,£30.00 ,Transportation,Mo,HSBC,Expense
General expenses,27/11/2022,Nov-22,£92.28 ,Going out,Mo,HSBC,Expense
General expenses,27/11/2022,Nov-22,£6.43 ,Food,Ju,Starling,Expense
Fixed expenses,28/11/2022,Nov-22,£146.00 ,Utilities,Mo,Monzo,Expense
Fixed expenses,28/11/2022,Nov-22,£15.76 ,Utilities,Ju,Lloyds,Expense
Fixed expenses,30/11/2022,Nov-22,£36.82 ,Utilities,Ju,Lloyds,Expense
General expenses,30/11/2022,Nov-22,£82.98 ,Gifts,Ju,Starling,Expense
Fixed income,30/11/2022,Dec-22,"£2,011.35 ",Paycheck,Mo,Monzo,Income
Fixed expenses,01/12/2022,Dec-22,£28.50 ,Utilities,Ju,Lloyds,Expense
Fixed expenses,01/12/2022,Dec-22,£25.00 ,Utilities,Mo,Monzo,Expense
Fixed expenses,01/12/2022,Dec-22,£19.25 ,Utilities,Mo,Monzo,Expense
General expenses,01/12/2022,Dec-22,£4.00 ,Clothing,Ju,Starling,Expense
General expenses,01/12/2022,Dec-22,£2.00 ,Transportation,Ju,Starling,Expense
General expenses,01/12/2022,Dec-22,£16.60 ,Travel,Ju,Starling,Expense
General expenses,01/12/2022,Dec-22,£140.64 ,Travel,Ju,Starling,Expense
General expenses,01/12/2022,Dec-22,£200.00 ,Food,Mo,HSBC,Expense
General expenses,01/12/2022,Dec-22,£144.31 ,Home,Mo,HSBC,Expense
General expenses,02/12/2022,Dec-22,£40.00 ,Clothing,Mo,HSBC,Expense
General expenses,02/12/2022,Dec-22,£38.41 ,Gifts,Mo,HSBC,Expense
General expenses,03/12/2022,Dec-22,£6.58 ,Gifts,Mo,HSBC,Expense
General expenses,03/12/2022,Dec-22,£7.99 ,Gifts,Mo,HSBC,Expense
General expenses,03/12/2022,Dec-22,£16.23 ,Gifts,Mo,HSBC,Expense
General expenses,03/12/2022,Dec-22,£29.25 ,Alc/Tob,Mo,HSBC,Expense
General expenses,03/12/2022,Dec-22,£20.00 ,Beauty/Health/medical,Mo,HSBC,Expense
General expenses,03/12/2022,Dec-22,£25.00 ,Takeaway,Mo,HSBC,Expense
General expenses,04/12/2022,Dec-22,£0.33 ,Transportation,Mo,Paypal,Expense
General expenses,04/12/2022,Dec-22,£64.30 ,Takeaway,Mo,HSBC,Expense
General expenses,05/12/2022,Dec-22,£51.60 ,Travel,Ju,Starling,Expense
General expenses,05/12/2022,Dec-22,£4.45 ,Gifts,Ju,Starling,Expense
General expenses,06/12/2022,Dec-22,£6.99 ,Beauty/Health/medical,Ju,Starling,Expense
General expenses,06/12/2022,Dec-22,£2.94 ,Travel,Ju,Starling,Expense
General expenses,06/12/2022,Dec-22,£50.00 ,Transportation,Mo,HSBC,Expense
General expenses,06/12/2022,Dec-22,£300.00 ,Travel,Mo,Monzo,Expense
General expenses,06/12/2022,Dec-22,£10.02 ,Travel,Mo,Monzo,Expense
General expenses,06/12/2022,Dec-22,£15.37 ,Travel,Mo,Monzo,Expense
General expenses,07/12/2022,Dec-22,£76.04 ,Travel,Mo,Monzo,Expense
General expenses,07/12/2022,Dec-22,£104.02 ,Travel,Mo,Monzo,Expense
General expenses,07/12/2022,Dec-22,£6.22 ,Travel,Mo,Monzo,Expense
General expenses,08/12/2022,Dec-22,£23.58 ,Travel,Ju,Starling,Expense
General expenses,08/12/2022,Dec-22,£127.28 ,Travel,Mo,Monzo,Expense
Fixed expenses,12/12/2022,Dec-22,£9.83 ,Utilities,Mo,Monzo,Expense
General expenses,14/12/2022,Dec-22,£2.02 ,Travel,Ju,Starling,Expense
General expenses,16/12/2022,Dec-22,£0.95 ,Entertainment,Mo,HSBC,Expense
General expenses,17/12/2022,Dec-22,£19.10 ,Travel,Ju,Starling,Expense
Fixed expenses,18/12/2022,Dec-22,£950.00 ,Utilities,Mo,Monzo,Expense
General expenses,18/12/2022,Dec-22,£44.11 ,Travel,Ju,Starling,Expense
General expenses,18/12/2022,Dec-22,£31.88 ,Travel,Ju,Starling,Expense
General expenses,18/12/2022,Dec-22,£15.99 ,Travel,Ju,Starling,Expense
General expenses,19/12/2022,Dec-22,£0.99 ,Entertainment,Ju,Starling,Expense
Fixed expenses,20/12/2022,Dec-22,£3.44 ,Utilities,Mo,Paypal,Expense
General expenses,21/12/2022,Dec-22,£74.75 ,Travel,Ju,Starling,Expense
Fixed income,22/12/2022,Jan-23,"£1,960.64 ",Paycheck,Mo,Monzo,Income
Fixed income,23/12/2022,Jan-23,"£1,368.69 ",Paycheck,Ju,Lloyds,Income
General expenses,25/12/2022,Dec-22,£2.65 ,Travel,Ju,Starling,Expense
General expenses,25/12/2022,Dec-22,£214.69 ,Alc/Tob,Ju,Starling,Expense
Fixed expenses,26/12/2022,Dec-22,£7.00 ,Utilities,Ju,Starling,Expense
Fixed expenses,26/12/2022,Dec-22,£4.49 ,Utilities,Mo,HSBC,Expense
General expenses,26/12/2022,Dec-22,£100.00 ,Food,Mo,HSBC,Expense
Fixed expenses,27/12/2022,Dec-22,£22.00 ,Utilities,Ju,Starling,Expense
Fixed expenses,28/12/2022,Dec-22,£15.76 ,Utilities,Ju,Lloyds,Expense
Fixed expenses,28/12/2022,Dec-22,£146.00 ,Utilities,Mo,Monzo,Expense
General expenses,29/12/2022,Dec-22,£2.00 ,Transportation,Ju,Starling,Expense
General expenses,29/12/2022,Dec-22,£100.00 ,Food,Ju,Tesco bank,Expense
Fixed expenses,30/12/2022,Dec-22,£36.82 ,Utilities,Ju,Lloyds,Expense
General expenses,31/12/2022,Dec-22,£50.00 ,Takeaway,Ju,Tesco bank,Expense
General expenses,02/01/2023,Jan-23,£45.43 ,Food,Ju,Starling,Expense
Fixed Savings,03/01/2023, 11/2022 ,£111.11 ,Savings,Ju,Starling,Expense
Fixed Savings,03/01/2023, 11/2022 ,£22.22 ,Savings,Ju,Starling,Expense
Fixed Savings,03/01/2023, 11/2022 ,£44.44 ,Savings,Ju,Starling,Expense
Fixed Savings,03/01/2023, 11/2022 ,£100.00 ,Savings,Ju,Starling,Expense
Fixed Savings,03/01/2023, 11/2022 ,£208.33 ,Savings,Ju,Starling,Expense
Fixed Savings,03/01/2023, 11/2022 ,£76.92 ,Savings,Ju,Starling,Expense
Fixed Savings,03/01/2023,Dec-22,£111.11 ,Savings,Ju,Starling,Expense
Fixed Savings,03/01/2023,Dec-22,£22.22 ,Savings,Ju,Starling,Expense
Fixed Savings,03/01/2023,Dec-22,£44.44 ,Savings,Ju,Starling,Expense
Fixed Savings,03/01/2023,Dec-22,£100.00 ,Savings,Ju,Starling,Expense
Fixed Savings,03/01/2023,Dec-22,£208.33 ,Savings,Ju,Starling,Expense
Fixed Savings,03/01/2023,Dec-22,£76.92 ,Savings,Ju,Starling,Expense
Fixed expenses,03/01/2023,Jan-23,£19.25 ,Utilities,Mo,Monzo,Expense
General expenses,04/01/2023,Jan-23,£225.00 ,Gifts,Mo,Monzo,Expense
General expenses,05/01/2023,Jan-23,£35.01 ,Transportation,Ju,Starling,Expense
General expenses,05/01/2023,Jan-23,£100.00 ,Food,Mo,HSBC,Expense
General expenses,06/01/2023,Jan-23,£30.00 ,Takeaway,Ju,Tesco bank,Expense
General expenses,07/01/2023,Jan-23,£29.98 ,Beauty/Health/Medical,Mo,HSBC,Expense
Fixed expenses,10/01/2023,Jan-23,£9.83 ,Utilities,Mo,Monzo,Expense
General expenses,11/01/2023,Jan-23,£6.32 ,Education,Ju,Starling,Expense
General expenses,12/01/2023,Jan-23,£24.23 ,Home,Mo,HSBC,Expense
General expenses,12/01/2023,Jan-23,£100.00 ,Food,Ju,Tesco bank,Expense
General expenses,16/01/2023,Jan-23,£10.00 ,Takeaway,Ju,Tesco bank,Expense
Fixed expenses,18/01/2023,Jan-23,£950.00 ,Utilities,Mo,Monzo,Expense
General expenses,19/01/2023,Jan-23,£300.00 ,Food,Mo,HSBC,Expense
General expenses,20/01/2023,Jan-23,£1.00 ,Food,Ju,Starling,Expense
General expenses,20/01/2023,Jan-23,£66.92 ,Beauty/Health/Medical,Mo,HSBC,Expense
Fixed income,23/01/2023,Feb-23,"£1,379.60 ",Paycheck,Ju,Lloyds,Income
Fixed expenses,24/01/2023,Jan-23,£3.39 ,Utilities,Mo,Monzo,Expense
Fixed expenses,26/01/2023,Jan-23,£7.00 ,Utilities,Ju,Starling,Expense
Fixed expenses,26/01/2023,Jan-23,£4.49 ,Utilities,Mo,HSBC,Expense
Fixed expenses,27/01/2023,Jan-23,£22.00 ,Utilities,Ju,Starling,Expense
General expenses,28/01/2023,Jan-23,£25.00 ,Takeaway,Ju,Tesco bank,Expense
General expenses,29/01/2023,Jan-23,£51.04 ,Transportation,Ju,Starling,Expense
General expenses,29/01/2023,Jan-23,£400.00 ,Food,Mo,HSBC,Expense
General expenses,29/01/2023,Jan-23,(£13.99),Random income,Mo,HSBC,Expense
Fixed expenses,30/01/2023,Jan-23,£15.76 ,Utilities,Ju,Lloyds,Expense
Fixed expenses,30/01/2023,Jan-23,£36.82 ,Utilities,Ju,Lloyds,Expense
Fixed expenses,30/01/2023,Jan-23,£146.00 ,Utilities,Mo,Monzo,Expense
Fixed income,30/01/2023,Feb-23,"£1,970.60 ",Paycheck,Mo,Monzo,Income
General expenses,30/01/2023,Jan-23,(£27.00),Random income,Ju,Starling,Expense
General expenses,30/01/2023,Jan-23,£65.00 ,Travel,Ju,Tesco bank,Expense
General expenses,01/02/2023,Feb-23,£9.75 ,Food,Ju,Starling,Expense
Fixed expenses,01/02/2023,Feb-23,£0.36 ,Utilities,Mo,Monzo,Expense
Fixed expenses,01/02/2023,Feb-23,£19.25 ,Utilities,Mo,Monzo,Expense
General expenses,01/02/2023,Feb-23,£6.36 ,Takeaway,Mo,HSBC,Expense
General expenses,02/02/2023,Feb-23,£130.00 ,Education,Mo,HSBC,Expense
General expenses,03/02/2023,Feb-23,£18.00 ,Takeaway,Ju,Tesco bank,Expense
General expenses,04/02/2023,Feb-23,£25.00 ,Travel,Ju,Starling,Expense
General expenses,04/02/2023,Feb-23,£9.80 ,Travel,Ju,Starling,Expense
General expenses,04/02/2023,Feb-23,£9.60 ,Travel,Ju,Starling,Expense
General expenses,04/02/2023,Feb-23,£33.16 ,Transportation,Mo,HSBC,Expense
General expenses,04/02/2023,Feb-23,£19.20 ,Going out,Mo,HSBC,Expense
General expenses,04/02/2023,Feb-23,£13.32 ,Travel,Mo,HSBC,Expense
General expenses,04/02/2023,Feb-23,£6.00 ,Travel,Mo,HSBC,Expense
General expenses,06/02/2023,Feb-23,£24.00 ,Beauty/Health/Medical,Mo,HSBC,Expense
General expenses,09/02/2023,Feb-23,£10.00 ,Other,Ju,Starling,Expense
General expenses,09/02/2023,Feb-23,£28.00 ,Takeaway,Mo,HSBC,Expense
Fixed expenses,10/02/2023,Feb-23,£9.83 ,Utilities,Mo,Monzo,Expense
Fixed expenses,14/02/2023,Feb-23,£5.00 ,Utilities,Mo,HSBC,Expense
General expenses,15/02/2023,Feb-23,£2.99 ,Beauty/Health/Medical,Ju,Starling,Expense
General expenses,15/02/2023,Feb-23,£3.98 ,Takeaway,Ju,Starling,Expense
General expenses,15/02/2023,Feb-23,£1.00 ,Takeaway,Ju,Starling,Expense
Personal,16/02/2023,Feb-23,(£65.54),Personal,Ju,Starling,Expense
General expenses,17/02/2023,Feb-23,£13.99 ,Home,Mo,HSBC,Expense
General expenses,17/02/2023,Feb-23,£17.00 ,Beauty/Health/Medical,Mo,HSBC,Expense
General expenses,17/02/2023,Feb-23,£61.40 ,Going out,Mo,HSBC,Expense
Fixed expenses,18/02/2023,Feb-23,£950.00 ,Utilities,Mo,Monzo,Expense
General expenses,18/02/2023,Feb-23,£15.00 ,Takeaway,Mo,HSBC,Expense
General expenses,20/02/2023,Feb-23,£50.00 ,Home,Mo,HSBC,Expense
General expenses,20/02/2023,Feb-23,£4.31 ,Home,Ju,Starling,Expense
General expenses,20/02/2023,Feb-23,£50.01 ,Transportation,Ju,Starling,Expense
General expenses,20/02/2023,Feb-23,£14.99 ,Takeaway,Ju,Starling,Expense
Fixed expenses,22/02/2023,Feb-23,£3.50 ,Utilities,Mo,Monzo,Expense
Fixed expenses,22/02/2023,Feb-23,£41.54 ,Utilities,Ju,Lloyds,Expense
General expenses,22/02/2023,Feb-23,£500.00 ,Food,Mo,HSBC,Expense
Fixed income,23/02/2023,Mar-23,"£1,457.22 ",Paycheck,Ju,Lloyds,Income
Fixed expenses,26/02/2023,Feb-23,£4.49 ,Utilities,Mo,HSBC,Expense
Fixed expenses,26/02/2023,Feb-23,£7.00 ,Utilities,Ju,Starling,Expense
Fixed income,27/02/2023,Mar-23,"£1,960.44 ",Paycheck,Mo,Monzo,Income
Fixed expenses,27/02/2023,Feb-23,£22.00 ,Utilities,Ju,Starling,Expense
General expenses,27/02/2023,Feb-23,£12.67 ,Beauty/Health/Medical,Mo,HSBC,Expense
General expenses,27/02/2023,Feb-23,£225.00 ,Gifts,Mo,Monzo,Expense
General expenses,28/02/2023,Feb-23,£148.00 ,Travel,Ju,Starling,Expense
Fixed expenses,28/02/2023,Feb-23,£15.76 ,Utilities,Ju,Lloyds,Expense
Fixed expenses,28/02/2023,Feb-23,£36.82 ,Utilities,Ju,Lloyds,Expense
Fixed expenses,01/03/2023,Mar-23,£19.25 ,Utilities,Mo,Monzo,Expense
Fixed expenses,01/03/2023,Mar-23,£27.00 ,Utilities,Mo,Monzo,Expense
General expenses,04/03/2023,Mar-23,£30.00 ,Takeaway,Mo,HSBC,Expense
Personal,05/03/2023,Mar-23,(£29.70),Personal,Ju,Starling,Expense
General expenses,07/03/2023,Mar-23,£51.30 ,Clothing,Ju,Starling,Expense
General expenses,09/03/2023,Mar-23,£200.00 ,Education,Ju,Lloyds,Expense
General expenses,11/03/2023,Mar-23,£6.39 ,Beauty/Health/Medical,Mo,HSBC,Expense
General expenses,13/03/2023,Mar-23,£51.62 ,Education,Ju,Lloyds,Expense
General expenses,16/03/2023,Mar-23,£7.84 ,Food,Ju,Starling,Expense
General expenses,17/03/2023,Mar-23,£44.00 ,Travel,Ju,Starling,Expense
General expenses,17/03/2023,Mar-23,£10.00 ,Travel,Ju,Starling,Expense
General expenses,17/03/2023,Mar-23,£40.99 ,Clothing,Ju,Starling,Expense
General expenses,17/03/2023,Mar-23,£24.44 ,Beauty/Health/Medical,Ju,Starling,Expense
General expenses,17/03/2023,Mar-23,£6.95 ,Entertainment,Ju,Tesco bank,Expense
Fixed expenses,18/03/2023,Mar-23,£950.00 ,Utilities,Mo,Monzo,Expense
General expenses,19/03/2023,Mar-23,£23.48 ,Beauty/Health/Medical,Ju,Starling,Expense
Fixed expenses,20/03/2023,Mar-23,£5.00 ,Utilities,Ju,Starling,Expense
General expenses,20/03/2023,Mar-23,£37.40 ,Alc/Tob,Mo,HSBC,Expense
Fixed expenses,22/03/2023,Mar-23,£3.44 ,Utilities,Mo,Monzo,Expense
General expenses,23/03/2023,Mar-23,£2.00 ,Transportation,Ju,Starling,Expense
Fixed income,23/03/2023,Apr-23,"£1,392.24 ",Paycheck,Ju,Lloyds,Income
General expenses,23/03/2023,Mar-23,£100.00 ,Food,Mo,HSBC,Expense
General expenses,25/03/2023,Mar-23,£25.00 ,Takeaway,Mo,HSBC,Expense
Fixed expenses,26/03/2023,Mar-23,£7.00 ,Utilities,Ju,Starling,Expense
Fixed expenses,26/03/2023,Mar-23,£4.49 ,Utilities,Mo,HSBC,Expense
Fixed expenses,27/03/2023,Mar-23,£22.00 ,Utilities,Ju,Starling,Expense
General expenses,27/03/2023,Mar-23,£36.50 ,Food,Ju,Lloyds,Expense
Fixed expenses,28/03/2023,Mar-23,£15.76 ,Utilities,Ju,Lloyds,Expense
Fixed expenses,30/03/2023,Mar-23,£36.82 ,Utilities,Ju,Lloyds,Expense
General expenses,30/03/2023,Mar-23,£500.00 ,Food,Mo,HSBC,Expense
Fixed income,31/03/2023,Apr-23,"£1,980.24 ",Paycheck,Mo,Monzo,Income
General expenses,31/03/2023,Mar-23,£6.00 ,Food,Mo,HSBC,Expense
General expenses,31/03/2023,Mar-23,£225.00 ,Gifts,Mo,Monzo,Expense
General expenses,01/04/2023,Apr-23,£17.81 ,Gifts,Ju,Starling,Expense
General expenses,01/04/2023,Apr-23,£60.00 ,Transportation,Mo,HSBC,Expense
General expenses,03/04/2023,Apr-23,£1.10 ,Food,Ju,Lloyds,Expense
General expenses,03/04/2023,Apr-23,£12.22 ,Takeaway,Ju,Lloyds,Expense
General expenses,03/04/2023,Apr-23,£15.00 ,Takeaway,Ju,Lloyds,Expense
Fixed expenses,03/04/2023,Apr-23,£24.00 ,Utilities,Ju,Starling,Expense
Fixed expenses,03/04/2023,Apr-23,£27.00 ,Utilities,Mo,Monzo,Expense
Fixed expenses,03/04/2023,Apr-23,£19.25 ,Utilities,Mo,Monzo,Expense
Random income,05/04/2023,Apr-23,(£23.99),Beauty/Health/Medical,Ju,Starling,Expense
General expenses,07/04/2023,Apr-23,£3.98 ,Takeaway,Mo,HSBC,Expense
General expenses,09/04/2023,Apr-23,£2.40 ,Other,Ju,Starling,Expense
General expenses,13/04/2023,Apr-23,£7.40 ,Going out,Mo,HSBC,Expense
General expenses,14/04/2023,Apr-23,£33.99 ,Clothing,Ju,Starling,Expense
General expenses,04/04/2023,Apr-23,£26.26 ,Beauty/Health/Medical,Ju,Tesco bank,Expense
General expenses,04/04/2023,Apr-23,£14.97 ,Beauty/Health/Medical,Ju,Tesco bank,Expense
General expenses,15/04/2023,Apr-23,£12.77 ,Beauty/Health/Medical,Ju,Tesco bank,Expense
General expenses,19/04/2023,Apr-23,£28.04 ,Beauty/Health/Medical,Ju,Tesco bank,Expense
General expenses,15/04/2023,Apr-23,£10.00 ,Takeaway,Mo,HSBC,Expense
Fixed expenses,18/04/2023,Apr-23,£950.00 ,Utilities,Mo,Monzo,Expense
General expenses,18/04/2023,Apr-23,£12.99 ,Home,Mo,HSBC,Expense
General expenses,18/04/2023,Apr-23,£18.23 ,Home,Mo,HSBC,Expense
General expenses,19/04/2023,Apr-23,£124.00 ,Beauty/Health/Medical,Mo,HSBC,Expense
Fixed expenses,20/04/2023,Apr-23,£5.00 ,Utilities,Ju,Starling,Expense
General expenses,21/04/2023,Apr-23,£0.85 ,Takeaway,Ju,Lloyds,Expense
Fixed income,21/04/2023,May-23,"£1,422.26 ",Paycheck,Ju,Lloyds,Income
General expenses,22/04/2023,Apr-23,£58.89 ,Transportation,Mo,HSBC,Expense
General expenses,22/04/2023,Apr-23,£8.20 ,Transportation,Mo,HSBC,Expense
General expenses,22/04/2023,Apr-23,£7.00 ,Transportation,Mo,HSBC,Expense
General expenses,22/04/2023,Apr-23,£18.75 ,Gifts,Mo,HSBC,Expense
General expenses,22/04/2023,Apr-23,£160.00 ,Gifts,Mo,Monzo,Expense
General expenses,23/04/2023,Apr-23,£0.60 ,Takeaway,Ju,Starling,Expense
Fixed expenses,24/04/2023,Apr-23,£3.36 ,Utilities,Mo,Monzo,Expense
Fixed expenses,26/04/2023,Apr-23,£4.49 ,Utilities,Ju,Tesco bank,Expense
General expenses,26/04/2023,Apr-23,£4.99 ,Entertainment,Ju,Tesco bank,Expense
Fixed expenses,26/04/2023,Apr-23,£7.00 ,Utilities,Ju,Starling,Expense
Fixed expenses,27/04/2023,Apr-23,£22.00 ,Utilities,Ju,Starling,Expense
Fixed income,27/04/2023,May-23,"£2,009.45 ",Paycheck,Mo,Monzo,Income
Fixed expenses,28/04/2023,Apr-23,£113.05 ,Utilities,Ju,Lloyds,Expense
General expenses,28/04/2023,Apr-23,£500.00 ,Food,Mo,HSBC,Expense
General expenses,27/04/2023,Apr-23,£4.39 ,Beauty/Health/Medical,Ju,Tesco bank,Expense
Fixed expenses,28/04/2023,Apr-23,£154.83 ,Utilities,Mo,Monzo,Expense
Fixed expenses,30/04/2023,Apr-23,£36.82 ,Utilities,Ju,Lloyds,Expense
General expenses,01/05/2023,May-23,£29.43 ,Takeaway,Ju,Starling,Expense
Fixed expenses,02/05/2023,May-23,£19.25 ,Utilities,Mo,Monzo,Expense
General expenses,03/05/2023,May-23,£68.45 ,Transportation,Mo,HSBC,Expense
General expenses,08/05/2023,May-23,£14.71 ,Beauty/Health/Medical,Ju,Tesco bank,Expense
General expenses,11/05/2023,May-23,£17.98 ,Alc/Tob,Ju,Tesco bank,Expense
General expenses,10/05/2023,May-23,£70.25 ,Going out,Ju,Starling,Expense
Fixed Savings,10/05/2023,May-23,£511.12 ,Savings,Ju,Starling,Expense
Fixed Savings,10/05/2023,May-23,£22.23 ,Savings,Ju,Starling,Expense
Fixed Savings,10/05/2023,May-23,£44.45 ,Savings,Ju,Starling,Expense
Fixed Savings,10/05/2023,May-23,£833.34 ,Savings,Ju,Starling,Expense
Fixed Savings,10/05/2023,May-23,£84.62 ,Savings,Ju,Starling,Expense
General expenses,12/05/2023,May-23,£17.68 ,Food,Ju,Lloyds,Expense
General expenses,14/05/2023,May-23,£33.99 ,Clothing,Ju,Starling,Expense
General expenses,15/05/2023,May-23,£1.99 ,Takeaway,Ju,Tesco bank,Expense
General expenses,15/05/2023,May-23,£14.65 ,Food,Ju,Tesco bank,Expense
General expenses,15/05/2023,May-23,£1.99 ,Takeaway,Ju,Tesco bank,Expense
General expenses,15/05/2023,May-23,£11.40 ,Beauty/Health/Medical,Ju,Starling,Expense
General expenses,16/05/2023,May-23,£330.00 ,Education,Ju,Lloyds,Expense
General expenses,16/05/2023,May-23,£86.40 ,Going out,Mo,HSBC,Expense
General expenses,16/05/2023,May-23,£25.00 ,Transportation,Mo,HSBC,Expense
Fixed Savings,18/05/2023,May-23,£230.77 ,Savings,Ju,Starling,Expense
Fixed expenses,18/05/2023,May-23,£950.00 ,Utilities,Mo,Monzo,Expense
Fixed Savings,18/05/2023,May-23,£400.00 ,Savings,Ju,Starling,Expense
General expenses,19/05/2023,May-23,£96.43 ,Food,Ju,Tesco bank,Expense
General expenses,20/05/2023,May-23,£5.00 ,Beauty/Health/Medical,Ju,Tesco bank,Expense
General expenses,21/05/2023,May-23,£0.99 ,Entertainment,Ju,Tesco bank,Expense
General expenses,23/05/2023,May-23,£0.85 ,Takeaway,Ju,Tesco bank,Expense